Customer Name,Charge Primary Payer Name,Patient Full Name,Charge From Date,Charge/Debit Amount,Charge Status,Claim Set to Status
CREATE RECOVERY CENTER - 668317,MAGELLAN BEHAVIORAL HEALTH,"MCMAHON, DAVID ",02/17/2025,"$3,495.00",REJECTED AT INSURANCE,05/15/2025
CREATE RECOVERY CENTER - 668317,KAISER PERMANENTE SOUTHERN CALIFORNIA,"JOHNSON, MATTHEW ",05/07/2025,"$3,995.00",REJECTED AT INSURANCE,05/21/2025
CREATE RECOVERY CENTER - 668317,KAISER PERMANENTE SOUTHERN CALIFORNIA,"JOHNSON, MATTHEW ",05/05/2025,"$3,995.00",REJECTED AT INSURANCE,05/21/2025
CREATE RECOVERY CENTER - 668317,KAISER PERMANENTE SOUTHERN CALIFORNIA,"JOHNSON, MATTHEW ",05/06/2025,"$3,995.00",REJECTED AT INSURANCE,05/21/2025
CREATE RECOVERY CENTER - 668317,KAISER PERMANENTE SOUTHERN CALIFORNIA,"JOHNSON, MATTHEW ",05/08/2025,"$3,995.00",REJECTED AT INSURANCE,05/21/2025
CREATE RECOVERY CENTER - 668317,CALIFORNIA BLUE SHIELD,"LANE, RASHAD ",05/06/2025,"$3,995.00",REJECTED AT INSURANCE,05/17/2025
CREATE RECOVERY CENTER - 668317,CALIFORNIA BLUE SHIELD,"LANE, RASHAD ",05/05/2025,"$3,995.00",REJECTED AT INSURANCE,05/17/2025
CREATE RECOVERY CENTER - 668317,CALIFORNIA BLUE SHIELD,"LANE, RASHAD ",05/08/2025,"$3,995.00",REJECTED AT INSURANCE,05/17/2025
CREATE RECOVERY CENTER - 668317,CALIFORNIA BLUE SHIELD,"LANE, RASHAD ",05/09/2025,"$3,995.00",REJECTED AT INSURANCE,05/17/2025
CREATE RECOVERY CENTER - 668317,KAISER PERMANENTE SOUTHERN CALIFORNIA,"JOHNSON, MATTHEW ",04/29/2025,"$3,995.00",REJECTED AT INSURANCE,05/14/2025
CREATE RECOVERY CENTER - 668317,KAISER PERMANENTE SOUTHERN CALIFORNIA,"JOHNSON, MATTHEW ",04/28/2025,"$3,995.00",REJECTED AT INSURANCE,05/14/2025
CREATE RECOVERY CENTER - 668317,KAISER PERMANENTE SOUTHERN CALIFORNIA,"JOHNSON, MATTHEW ",04/30/2025,"$3,995.00",REJECTED AT INSURANCE,05/14/2025
CREATE RECOVERY CENTER - 668317,KAISER PERMANENTE SOUTHERN CALIFORNIA,"JOHNSON, MATTHEW ",05/01/2025,"$3,995.00",REJECTED AT INSURANCE,05/14/2025
CREATE RECOVERY CENTER - 668317,KAISER PERMANENTE SOUTHERN CALIFORNIA,"JOHNSON, MATTHEW ",05/02/2025,"$3,995.00",REJECTED AT INSURANCE,05/14/2025
CREATE RECOVERY CENTER - 668317,KAISER PERMANENTE SOUTHERN CALIFORNIA,"JOHNSON, MATTHEW ",04/15/2025,"$3,995.00",REJECTED AT INSURANCE,05/14/2025
CREATE RECOVERY CENTER - 668317,KAISER PERMANENTE SOUTHERN CALIFORNIA,"JOHNSON, MATTHEW ",04/17/2025,"$3,995.00",REJECTED AT INSURANCE,05/14/2025
CREATE RECOVERY CENTER - 668317,KAISER PERMANENTE SOUTHERN CALIFORNIA,"JOHNSON, MATTHEW ",04/16/2025,"$3,995.00",REJECTED AT INSURANCE,05/14/2025
CREATE RECOVERY CENTER - 668317,KAISER PERMANENTE SOUTHERN CALIFORNIA,"JOHNSON, MATTHEW ",04/14/2025,"$3,995.00",REJECTED AT INSURANCE,05/14/2025
CREATE RECOVERY CENTER - 668317,KAISER PERMANENTE SOUTHERN CALIFORNIA,"JOHNSON, MATTHEW ",04/18/2025,"$3,995.00",REJECTED AT INSURANCE,05/14/2025
CREATE RECOVERY CENTER - 668317,CALIFORNIA BLUE SHIELD,"LANE, RASHAD ",05/07/2025,"$3,995.00",REJECTED AT INSURANCE,05/17/2025
CREATE RECOVERY CENTER - 668317,KAISER PERMANENTE SOUTHERN CALIFORNIA,"JOHNSON, MATTHEW ",04/11/2025,"$3,995.00",REJECTED AT INSURANCE,05/14/2025
ALL IN SOLUTIONS BOYNTON BEACH,BLUE CROSS AND BLUE SHIELD OF FLORIDA,"BREWER, DEONTRAY ",05/05/2025,"$3,770.00",REJECTED AT CLEARINGHOUSE,05/21/2025
ALL IN SOLUTIONS BOYNTON BEACH,BLUE CROSS AND BLUE SHIELD OF FLORIDA,"BREWER, DEONTRAY ",05/08/2025,"$3,770.00",REJECTED AT CLEARINGHOUSE,05/21/2025
ALL IN SOLUTIONS BOYNTON BEACH,BLUE CROSS AND BLUE SHIELD OF FLORIDA,"BREWER, DEONTRAY ",05/07/2025,"$3,770.00",REJECTED AT CLEARINGHOUSE,05/21/2025
ALL IN SOLUTIONS BOYNTON BEACH,BLUE CROSS AND BLUE SHIELD OF FLORIDA,"BREWER, DEONTRAY ",05/09/2025,"$3,770.00",REJECTED AT CLEARINGHOUSE,05/21/2025
ALL IN SOLUTIONS BOYNTON BEACH,BLUE CROSS AND BLUE SHIELD OF FLORIDA,"BREWER, DEONTRAY ",05/06/2025,"$3,770.00",REJECTED AT CLEARINGHOUSE,05/21/2025
ALL IN SOLUTIONS CHERRY HILL,HORIZON BLUE CROSS BLUE SHIELD OF NEW JERSEY,"HOPKINS, CASSANDRA F",05/15/2025,"$4,470.00",REJECTED AT CLEARINGHOUSE,05/21/2025
ALL IN SOLUTIONS CHERRY HILL,HORIZON BLUE CROSS BLUE SHIELD OF NEW JERSEY,"HOPKINS, CASSANDRA F",05/16/2025,"$4,470.00",REJECTED AT CLEARINGHOUSE,05/21/2025
ALL IN SOLUTIONS CHERRY HILL,HORIZON BLUE CROSS BLUE SHIELD OF NEW JERSEY,"HOPKINS, CASSANDRA F",05/17/2025,"$4,470.00",REJECTED AT CLEARINGHOUSE,05/21/2025
BOCA RECOVERY CENTER NJ,HORIZON BLUE CROSSBLUE SHIELD OF NEW JERSEY,"CROUSORE, JAMES ",05/07/2025,"$5,295.00",REJECTED AT CLEARINGHOUSE,05/15/2025
THE MEADOW COUNSELING CENTER,BLUE CROSS AND BLUE SHIELD OF FLORIDA,"TRIPP, MATTHEW J",05/14/2025,"$1,300.00",REJECTED AT INSURANCE,05/20/2025
DESTINATION HOPE,CIGNA BEHAVIORIAL HEALTH,"BROCK, ANIKA ",05/18/2025,"$4,700.00",REJECTED AT CLEARINGHOUSE,05/21/2025
ALL IN SOLUTIONS WELLNESS CENTER,MVP HEALTH PLANS,"BEIKIRICH, REBECCA ",05/05/2025,"$5,470.00",REJECTED AT INSURANCE,05/14/2025
ALL IN SOLUTIONS WELLNESS CENTER,MVP HEALTH PLANS,"BEIKIRICH, REBECCA ",05/06/2025,"$5,470.00",REJECTED AT INSURANCE,05/14/2025
ALL IN SOLUTIONS WELLNESS CENTER,MVP HEALTH PLANS,"BEIKIRICH, REBECCA ",05/10/2025,"$5,470.00",REJECTED AT INSURANCE,05/14/2025
ALL IN SOLUTIONS WELLNESS CENTER,MVP HEALTH PLANS,"BEIKIRICH, REBECCA ",05/08/2025,"$5,470.00",REJECTED AT INSURANCE,05/14/2025
ALL IN SOLUTIONS WELLNESS CENTER,MVP HEALTH PLANS,"BEIKIRICH, REBECCA ",05/09/2025,"$5,470.00",REJECTED AT INSURANCE,05/14/2025
ALL IN SOLUTIONS WELLNESS CENTER,MVP HEALTH PLANS,"BEIKIRICH, REBECCA ",05/07/2025,"$5,470.00",REJECTED AT INSURANCE,05/14/2025
ALL IN SOLUTIONS WELLNESS CENTER,MVP HEALTH PLANS,"BEIKIRICH, REBECCA ",05/11/2025,"$5,470.00",REJECTED AT INSURANCE,05/14/2025
EVOLVE LIFE CENTERS,MARYLAND BLUE CROSS - CAREFIRST,"CODI, JAMES M",05/05/2025,$600.00,REJECTED AT INSURANCE,05/17/2025
EVOLVE LIFE CENTERS,MARYLAND BLUE SHIELD- CAREFIRST,"DESTEFANO, COLLEEN ",05/07/2025,"$1,300.00",REJECTED AT INSURANCE,05/17/2025
EVOLVE LIFE CENTERS,MARYLAND BLUE SHIELD- CAREFIRST,"DESTEFANO, COLLEEN ",05/05/2025,$600.00,REJECTED AT INSURANCE,05/17/2025
EVOLVE LIFE CENTERS,MARYLAND BLUE CROSS - CAREFIRST,"KLOBUS, CHRISTINE ",05/06/2025,"$1,200.00",REJECTED AT INSURANCE,05/17/2025
EVOLVE LIFE CENTERS,MARYLAND BLUE CROSS - CAREFIRST,"MARCUS, JUSTIN M",05/08/2025,$800.00,REJECTED AT INSURANCE,05/17/2025
EVOLVE LIFE CENTERS,MARYLAND BLUE CROSS - CAREFIRST,"TRAVIS, JAKE ",05/06/2025,"$1,300.00",REJECTED AT INSURANCE,05/17/2025
EVOLVE LIFE CENTERS,MARYLAND BLUE SHIELD- CAREFIRST,"DESTEFANO, COLLEEN ",05/09/2025,$600.00,REJECTED AT INSURANCE,05/17/2025
EVOLVE LIFE CENTERS,MARYLAND BLUE CROSS - CAREFIRST,"BOWEN, JENNIFER ",05/08/2025,"$1,300.00",REJECTED AT INSURANCE,05/17/2025
EVOLVE LIFE CENTERS,MARYLAND BLUE SHIELD- CAREFIRST,"DESTEFANO, COLLEEN ",04/30/2025,"$1,300.00",REJECTED AT INSURANCE,05/10/2025
EVOLVE LIFE CENTERS,MARYLAND BLUE CROSS - CAREFIRST,"BOWEN, JENNIFER ",05/01/2025,"$1,300.00",REJECTED AT INSURANCE,05/10/2025
EVOLVE LIFE CENTERS,MARYLAND BLUE CROSS - CAREFIRST,"KLOBUS, CHRISTINE ",04/30/2025,"$1,300.00",REJECTED AT INSURANCE,05/10/2025
EVOLVE LIFE CENTERS,MARYLAND BLUE CROSS - CAREFIRST,"PORTILLO, ESTRELLA ",04/29/2025,"$1,300.00",REJECTED AT INSURANCE,05/10/2025
EVOLVE LIFE CENTERS,MARYLAND BLUE CROSS - CAREFIRST,"TRAVIS, JAKE ",04/29/2025,"$1,300.00",REJECTED AT INSURANCE,05/10/2025
EVOLVE LIFE CENTERS,MARYLAND BLUE CROSS - CAREFIRST,"WILLIGES, MATTHEW ",05/06/2025,$600.00,REJECTED AT INSURANCE,05/20/2025
EVOLVE LIFE CENTERS,MARYLAND BLUE CROSS - CAREFIRST,"BOWEN, WILLIAM ",05/08/2025,"$1,300.00",REJECTED AT INSURANCE,05/17/2025
EVOLVE LIFE CENTERS,MARYLAND BLUE CROSS - CAREFIRST,"DONNELLY, RYAN ",05/07/2025,$600.00,REJECTED AT INSURANCE,05/17/2025
EVOLVE LIFE CENTERS,MARYLAND BLUE CROSS - CAREFIRST,"EATON, JUSTIN B",05/07/2025,$800.00,REJECTED AT INSURANCE,05/17/2025
EVOLVE LIFE CENTERS,MARYLAND BLUE CROSS - CAREFIRST,"PORTILLO, ESTRELLA ",05/06/2025,"$1,300.00",REJECTED AT INSURANCE,05/17/2025
RECOVERY BEACH,MAGELLAN BEHAVIORAL HEALTH,"PENSINGER, MYRANDA ",05/05/2025,"$6,500.00",REJECTED AT CLEARINGHOUSE,05/15/2025
ALL IN SOLUTIONS CALIFORNIA,UHC SHARED SERVICES,"BOLLING, JUSTIN L",05/03/2025,"$5,270.00",REJECTED AT INSURANCE,05/15/2025
ALL IN SOLUTIONS CALIFORNIA,UHC SHARED SERVICES,"BOLLING, JUSTIN L",04/30/2025,"$5,270.00",REJECTED AT INSURANCE,05/15/2025
ALL IN SOLUTIONS CALIFORNIA,UHC SHARED SERVICES,"BOLLING, JUSTIN L",05/01/2025,"$5,270.00",REJECTED AT INSURANCE,05/15/2025
ALL IN SOLUTIONS CALIFORNIA,UHC SHARED SERVICES,"BOLLING, JUSTIN L",05/02/2025,"$5,270.00",REJECTED AT INSURANCE,05/15/2025
ALL IN SOLUTIONS CALIFORNIA,UHC SHARED SERVICES,"BOLLING, JUSTIN L",05/05/2025,"$5,270.00",REJECTED AT INSURANCE,05/15/2025
ALL IN SOLUTIONS CALIFORNIA,UHC SHARED SERVICES,"BOLLING, JUSTIN L",05/06/2025,"$5,270.00",REJECTED AT INSURANCE,05/15/2025
ALL IN SOLUTIONS CALIFORNIA,UHC SHARED SERVICES,"BOLLING, JUSTIN L",05/07/2025,"$5,270.00",REJECTED AT INSURANCE,05/15/2025
ALL IN SOLUTIONS CALIFORNIA,UHC SHARED SERVICES,"BOLLING, JUSTIN L",05/08/2025,"$5,270.00",REJECTED AT INSURANCE,05/15/2025
ALL IN SOLUTIONS CALIFORNIA,UHC SHARED SERVICES,"BOLLING, JUSTIN L",05/09/2025,"$5,270.00",REJECTED AT INSURANCE,05/15/2025
RECOVERY KEYS INC,MEDICA HEALTH PLAN SOLUTIONS,"AMROL, BRITTON ",05/14/2025,"$1,500.00",REJECTED AT INSURANCE,05/20/2025
WOODLAND HILLS RECOVERY CENTER LLC,CALIFORNIA BLUE SHIELD,"FRANCO, PERFECTO ",10/22/2024,"$3,895.00",REJECTED AT INSURANCE,05/09/2025
POWER OF RECOVERY LLC,CIGNA BEHAVIORIAL HEALTH,"BACKMAN, MICHAEL ",05/05/2025,"$3,250.00",REJECTED AT INSURANCE,05/15/2025
POWER OF RECOVERY LLC,CIGNA BEHAVIORIAL HEALTH,"BACKMAN, MICHAEL ",05/06/2025,"$3,250.00",REJECTED AT INSURANCE,05/15/2025
RECOVERY RESORT OF THE PALM BEACHES,CONNECTICUT BLUE CROSS,"SCHIMIDT, ELIZABETH M",05/08/2025,"$2,800.00",REJECTED AT CLEARINGHOUSE,05/16/2025
RECOVERY RESORT OF THE PALM BEACHES,CONNECTICUT BLUE CROSS,"SCHIMIDT, ELIZABETH M",05/07/2025,"$2,800.00",REJECTED AT CLEARINGHOUSE,05/16/2025
RECOVERY RESORT OF THE PALM BEACHES,CONNECTICUT BLUE CROSS,"SCHIMIDT, ELIZABETH M",05/05/2025,"$2,800.00",REJECTED AT CLEARINGHOUSE,05/16/2025
RECOVERY RESORT OF THE PALM BEACHES,CONNECTICUT BLUE CROSS,"SCHIMIDT, ELIZABETH M",05/06/2025,"$2,800.00",REJECTED AT CLEARINGHOUSE,05/16/2025
RECOVERY RESORT OF THE PALM BEACHES,CONNECTICUT BLUE CROSS,"SCHIMIDT, ELIZABETH M",05/09/2025,"$2,800.00",REJECTED AT CLEARINGHOUSE,05/16/2025
RECOVERY RESORT OF THE PALM BEACHES,CONNECTICUT BLUE CROSS,"SCHIMIDT, ELIZABETH M",05/10/2025,"$2,800.00",REJECTED AT CLEARINGHOUSE,05/16/2025
THE PHOENIX COUNSELING & RECOVERY PROJECT LLC,BLUE CROSS AND BLUE SHIELD OF FLORIDA,"GRAHAM, PEGGY S",04/16/2025,"$2,800.00",REJECTED AT INSURANCE,05/15/2025
THE PHOENIX COUNSELING & RECOVERY PROJECT LLC,BLUE CROSS AND BLUE SHIELD OF FLORIDA,"GRAHAM, PEGGY S",04/14/2025,"$2,800.00",REJECTED AT INSURANCE,05/15/2025
THE PHOENIX COUNSELING & RECOVERY PROJECT LLC,BLUE CROSS AND BLUE SHIELD OF FLORIDA,"GRAHAM, PEGGY S",04/25/2025,"$2,800.00",REJECTED AT INSURANCE,05/15/2025
THE PHOENIX COUNSELING & RECOVERY PROJECT LLC,BLUE CROSS AND BLUE SHIELD OF FLORIDA,"GRAHAM, PEGGY S",04/18/2025,"$2,800.00",REJECTED AT INSURANCE,05/15/2025
THE PHOENIX COUNSELING & RECOVERY PROJECT LLC,BLUE CROSS AND BLUE SHIELD OF FLORIDA,"GRAHAM, PEGGY S",04/21/2025,"$2,800.00",REJECTED AT INSURANCE,05/15/2025
THE PHOENIX COUNSELING & RECOVERY PROJECT LLC,BLUE CROSS AND BLUE SHIELD OF FLORIDA,"GRAHAM, PEGGY S",04/23/2025,"$2,800.00",REJECTED AT INSURANCE,05/15/2025
THE PHOENIX COUNSELING & RECOVERY PROJECT LLC,BLUE CROSS AND BLUE SHIELD OF FLORIDA,"DOZIER, ANNETTE ",04/15/2025,"$2,800.00",REJECTED AT INSURANCE,05/15/2025
THE PHOENIX COUNSELING & RECOVERY PROJECT LLC,BLUE CROSS AND BLUE SHIELD OF FLORIDA,"DOZIER, ANNETTE ",04/16/2025,"$2,800.00",REJECTED AT INSURANCE,05/15/2025
THE PHOENIX COUNSELING & RECOVERY PROJECT LLC,BLUE CROSS AND BLUE SHIELD OF FLORIDA,"DOZIER, ANNETTE ",04/17/2025,"$2,800.00",REJECTED AT INSURANCE,05/15/2025
THE PHOENIX COUNSELING & RECOVERY PROJECT LLC,BLUE CROSS AND BLUE SHIELD OF FLORIDA,"DOZIER, ANNETTE ",04/18/2025,"$2,800.00",REJECTED AT INSURANCE,05/15/2025
FULLERTON TELEHEALTH RECOVERY,CIGNA HEALTH PLANS,"MCKOWN, CASSIDY ",05/03/2025,"$4,500.00",REJECTED AT INSURANCE,05/09/2025
FULLERTON TELEHEALTH RECOVERY,CIGNA HEALTH PLANS,"MCKOWN, CASSIDY ",05/02/2025,"$4,500.00",REJECTED AT INSURANCE,05/09/2025
FULLERTON TELEHEALTH RECOVERY,CIGNA HEALTH PLANS,"OLDHAM, DAKOTAH ",05/10/2025,"$4,000.00",REJECTED AT INSURANCE,05/17/2025
FULLERTON TELEHEALTH RECOVERY,CIGNA HEALTH PLANS,"OLDHAM, DAKOTAH ",05/09/2025,"$4,000.00",REJECTED AT INSURANCE,05/17/2025
FULLERTON TELEHEALTH RECOVERY,CIGNA HEALTH PLANS,"MCKOWN, CASSIDY ",05/01/2025,"$4,500.00",REJECTED AT INSURANCE,05/09/2025
BAYSIDE BEHAVIORAL HEALTH,INDIANA BLUE CROSS BLUE SHIELD,"MEANS, ALEC ",05/08/2025,"$1,790.00",REJECTED AT INSURANCE,05/16/2025
BAYSIDE BEHAVIORAL HEALTH,INDIANA BLUE CROSS BLUE SHIELD,"MEANS, ALEC ",05/05/2025,$399.00,REJECTED AT INSURANCE,05/16/2025
BAYSIDE BEHAVIORAL HEALTH,INDIANA BLUE CROSS BLUE SHIELD,"CROWE, PAUL T",05/07/2025,$250.00,REJECTED AT INSURANCE,05/16/2025
BAYSIDE BEHAVIORAL HEALTH,INDIANA BLUE CROSS BLUE SHIELD,"MEANS, ALEC ",05/05/2025,"$1,790.00",REJECTED AT INSURANCE,05/16/2025
BAYSIDE BEHAVIORAL HEALTH,INDIANA BLUE CROSS BLUE SHIELD,"MEANS, ALEC ",05/07/2025,"$1,790.00",REJECTED AT INSURANCE,05/16/2025
BAYSIDE BEHAVIORAL HEALTH,INDIANA BLUE CROSS BLUE SHIELD,"MEANS, ALEC ",05/08/2025,$150.00,REJECTED AT INSURANCE,05/16/2025
